id;mom;dad
Amauritius;0;0
Badila;0;0
BandHitam;0;0
Batjan;0;0
BA6032;0;0
BJ66210;0;0
BJ6708;0;0
BJ6716;0;0
BJ7262;0;0
BJ7504;0;0
BlackCheribon;0;0
BR6488;0;0
B1379;0;0
B208;0;0
B359;0;0
B391;0;0
B3747;0;0
CAINSA;0;0
CB41-115;0;0
CB44-160;0;0
CB45-13;0;0
CB46-19;0;0
CB52-179;0;0
CB64-15;0;0
CB64-31;0;0
CB65-5;0;0
CB69-47;0;0
Chunnee;0;0
Coimbatore;0;0
CoJ67;0;0
CoSpontan1;0;0
CoSpontan2;0;0
Co1008;0;0
CP48-110;0;0
CP51-27;0;0
CP52-144;0;0
CP53-39;0;0
CP71-1086;0;0
CP71-1240;0;0
CP71-1270;0;0
CP71-1273;0;0
CP71-1449;0;0
CP73-1547;0;0
Crystalina;0;0
CTC9;0;0
CTC15;0;0
CTC9019;0;0
D109;0;0
F73-1253;0;0
F148;0;0
Gandacheni;0;0
Glagah;0;0
H35-385;0;0
H37-1932;0;0
H40-729;0;0
H40-1184;0;0
H49-4360;0;0
H51-8029;0;0
H59-1966;0;0
IACSP94-5072;0;0
IACSP98-3022;0;0
IJ76-314;0;0
IN84-58;0;0
KalBoothan;0;0
Kansar;0;0
Korpi;0;0
Lahaina;0;0
LAM76-628;0;0
Loethers;0;0
L77-42;0;0
Maneria;0;0
MEX53-137;0;0
MOL928;0;0
MQ33157;0;0
NA56-76;0;0
NA63-167;0;0
NA69-17;0;0
NA84-3920;0;0
NCo319;0;0
Nobre247B;0;0
OkinTekcha;0;0
PAV9409;0;0
PmRobustum;0;0
PO77-102;0;0
PO77-122;0;0
PO80-06;0;0
PO80-08;0;0
PO85-317;0;0
PO86-62;0;0
PO86-1107;0;0
PT43-52;0;0
Q165;0;0
RB7062;0;0
RB7072;0;0
RB70129;0;0
RB70134;0;0
RB70168;0;0
RB70194;0;0
RB70196;0;0
RB705051;0;0
RB705123;0;0
RB763411;0;0
RB773720;0;0
RB80134;0;0
RB814187;0;0
RB815606;0;0
RB825385;0;0
RB832910;0;0
RB835768;0;0
RB855126;0;0
RB855157;0;0
RB855318;0;0
RB855331;0;0
RB855566;0;0
RB865112;0;0
RB865131;0;0
RB865250;0;0
RB865251;0;0
RB865547;0;0
RB867502;0;0
RB867505;0;0
RB867524;0;0
RB876028;0;0
RB885007;0;0
RB885035;0;0
RB896342;0;0
RedFiji;0;0
RF72;0;0
R570;0;0
Saretha;0;0
SELF;0;0
SMaurit;0;0
S.Officin;0;0
S.Officin2;0;0
S.Officin3;0;0
S.Officin4;0;0
S.Officin5;0;0
S.Officin6;0;0
S.Officin7;0;0
S.Officin8;0;0
SP70-1462;0;0
SP71-5181;0;0
SP76-4092;0;0
SP77-0303;0;0
SP77-3024;0;0
SP77-3067;0;0
SP78-3081;0;0
SP78-5495;0;0
SP80-1090;0;0
SP80-3328;0;0
SP80-3390;0;0
SP80-5487;0;0
SP81-1483;0;0
SP81-1610;0;0
SP82-1063;0;0
SP82-1176;0;0
SP82-3384;0;0
SP82-3697;0;0
SP83-1300;0;0
SP84-2029;0;0
SP84-2384;0;0
S.Spont3;0;0
Trojan;0;0
UCW67-611;0;0
UCW71-39;0;0
UD50;0;0
US54-249;0;0
US71-399;0;0
US72-1288;0;0
US72-1289;0;0
US74-1010;0;0
US74-1315;0;0
Vellai;0;0
V114;0;0
WhiteTransparent;0;0
YelCaled;0;0
-28NG251;0;0
54N7096;0;0
SP87-365;SP77-3067;0
RB739735;CB52-179;0
RB91529;RB739735;0
RB91543;RB739735;0
RB931521;RB739735;0
H109;Lahaina;0
H98-11;Badila;0
H48-3166;H40-729;0
RB925345;H59-1966;0
RB863129;RB763411;0
RB705007;CP48-110;0
H51-8194;H35-385;0
SP78-4601;H51-8194;0
SP90-1638;SP78-4601;0
HJ5741;H40-1184;0
H64-1881;H37-1932;0
IAC86-2480;US71-399;0
IAC83-1313;MEX53-137;0
SP84-1431;H51-8029;0
IAC85-3229;SP70-1462;0
SP86-155;SP78-3081;0
SP89-1115;CP73-1547;0
IAC91-1121;SP80-5487;0
IAC91-1206;SP77-3024;0
IACSP94-6025;SP84-2029;0
SP77-5181;HJ5741;0
RB775035;CP51-27;0
RB943538;RB775035;0
CB61-122;CB69-47;0
RB857540;CB61-122;0
RB758540;CB61-122;0
B6835;B1379;S.Officin2
SC12-4;B6835;0
BH10-12;B6835;0
BA11569;B208;S.Officin8
B3439;BA11569;0
C278;Badila;-28NG251
RB75126;C278;0
RB91525;RB75126;0
POJ213;BlackCheribon;Chunnee
Co213;POJ213;Kansar
CB38-13;Co213;0
M4600;Saretha;CoSpontan2
Co214;SMaurit;M4600
Co331;Co213;Co214
Co371;Co213;Co214
Co205;Vellai;Coimbatore
Co285;SMaurit;CoSpontan2
Co244;POJ213;Co205
Co312;Co213;Co244
US1694;POJ213;POJ213
CP726;US1694;0
RB721012;Co331;0
CB56-155;Co331;0
RB70141;Co331;0
CB62-46;Co331;0
RB68509;Co331;0
RB68512;Co331;0
RB70147;Co331;0
RB735200;Co331;0
RB745228;Co331;0
D74;WhiteTransparent;S.Officin
Co290;Co221;D74
CB61-99;Co290;0
RB735220;CB61-99;0
RB865066;RB735220;0
RB865082;RB735220;0
RB865084;RB735220;0
RB865104;RB735220;0
RB865125;RB735220;0
RB865158;RB735220;0
RB865322;RB735220;0
RB865381;RB735220;0
RB865511;RB735220;0
RB865515;RB735220;0
RB865517;RB735220;0
RB845543;Co290;0
US1484;POJ213;POJ213
CP670;US1484;US1484
CP11-65;CP670;CP670
Kassoer;BlackCheribon;Glagah
POJ100;BandHitam;Loethers
POJ2364;POJ100;Kassoer
B30L7;POJ2364;B391
B3337;B30L7;B30L7
EK2;Lahaina;RedFiji
EK28;POJ100;EK2
POJ2875;POJ2364;EK28
POJ2725;POJ2364;EK28
CP27-35;US1694;D74
F31-452;POJ2725;CP27-35
F31-436;POJ2725;CP27-35
CL41-223;F31-436;F31-452
CL47-83;CL41-223;0
CP36-46;POJ2725;CP11-65
CP29-116;POJ2725;CP11-65
CB56-72;CP29-116;0
CB63-31;CB56-72;0
RB725147;CB63-31;0
CP27-139;POJ2725;US1694
CB38-22;CP27-139;0
Co206;Amauritius;CoSpontan1
Co281;POJ213;Co206
CP44-101;Co281;CP11-65
CP27-38;D74;US1694
CP28-44;Co281;CP27-38
CP33-372;CP11-65;CP28-44
CP27-34;D74;US1694
CP29-320;Co281;CP27-34
B34104;Co281;BH10-12
CP27-108;POJ2364;CP726
CP36-138;Crystalina;-28NG251
CP33-0372;CP11-65;CP28-44
CP43-0064;CP36-138;CP27-108
CP52-114;CP43-0064;CP33-0372
CP57-542;CP52-114;CP53-39
SP84-7017;CP57-542;0
IACSP94-2094;SP84-7017;0
IACSP96-6021;SP84-7017;0
RB70264;CP44-101;0
RB814131;CP44-101;0
R397;Co281;V114
RB962962;R397;0
CP43-74;Co281;CP11-65
RB773703;CP43-74;0
Co270;B3747;Co206
Q88;Co270;0
CL41-142;B359;CP27-108
CP53-10;CL41-142;CP43-74
SP80-180;B3337;0
SW3;BlackCheribon;Batjan
POJ2947;POJ2875;SW3
POJ2722;POJ2364;EK28
POJ2940;POJ2722;EK28
POJ143;BlackCheribon;Chunnee
POJ181;BlackCheribon;Chunnee
FM3;POJ143;POJ181
CP40;OkinTekcha;FM3
US1639;POJ213;POJ213
CP27-156;CP40;US1639
CB45-3;Co290;Co331
CB62-117;CB45-3;0
H32-6705;UD50;MOL928
Co229;Co205;Co205
Co326;Co229;Co229
Bo17;Co331;Co326
SP80-185;Bo17;0
CB47-15;POJ2947;0
CB47-89;POJ2947;0
POJ2878;POJ2364;EK28
R331;RF72;Co214
R447;POJ2878;R331
Q116;R447;CP44-101
Co360;POJ2725;Q116
Co440;Co360;0
CB41-76;POJ2878;0
SP70-1284;CB41-76;0
SP70-1423;CB41-76;0
RB855479;CB41-76;0
RB715376;CB41-76;0
CB36-24;POJ2878;0
IAC51-205;POJ2878;0
RB835803;IAC51-205;0
CB46-40;POJ2878;0
CB53-98;CB46-40;0
CB62-107;CB46-40;0
CB61-1;CB46-40;Co331
RB7831;CB61-1;0
P63-32;POJ2725;POJ2725
B3412;D74;S.Officin6
Co683;POJ2878;B3412
Co997;Co683;P63-32
RB91505;Co997;0
CP29-307;Co281;POJ2878
CP31-432;CP29-307;POJ2878
CP33-224;CP27-139;CP31-432
RB832901;CP33-224;0
IAC51-204;POJ2878;0
CB41-58;POJ2878;0
IAC69-425;CB41-58;0
CB49-62;POJ2878;0
-27MQ1122;Korpi;Korpi
-31MQ228;Badila;-27MQ1122
Eros;POJ2878;-31MQ228
Q73;Trojan;Eros
RB91532;Q73;0
CB50-24;POJ2878;0
CB61-80;POJ2878;0
IAC51-201;POJ2878;0
IAC52-179;POJ2878;Co285
PR1124;POJ2878;0
CB44-36;POJ2878;Co331
F31-962;Co281;CP27-108
F36-819;F31-962;POJ2878
CP53-76;F36-819;CP36-46
RB72454;CP53-76;0
RB855350;RB72454;0
RB855357;RB72454;0
RB855359;RB72454;0
RB855363;RB72454;0
RB855371;RB72454;0
RB855382;RB72454;0
RB855426;RB72454;0
RB855430;RB72454;0
RB91501;RB855430;0
RB855436;RB72454;0
RB855463;RB72454;0
RB855465;RB72454;0
RB855472;RB72454;0
RB855484;RB72454;0
RB865002;RB72454;0
RB865500;RB72454;0
RB865501;RB72454;0
RB865513;RB72454;0
RB865514;RB72454;0
RB865520;RB72454;0
RB865521;RB72454;0
RB865530;RB72454;0
RB865532;RB72454;0
RB91531;RB72454;0
RB91537;RB72454;0
RB92533;RB72454;0
RB93509;RB72454;0
RB867515;RB72454;0
RB99395;RB867515;0
RB72442;CP53-76;0
CP51-22;F36-819;CP33-372
RB84131;CP51-22;0
RB855521;CP51-22;0
M28;POJ2725;SC12-4
M336;M28;POJ2878
CB49-260;CB44-36;0
RB80463;RB70141;CB49-260
RB91510;RB80463;0
RB91511;RB80463;0
SP71-3501;CB49-260;0
SP71-1279;CB49-260;0
RB835527;CB49-260;0
RB835529;CB49-260;0
RB865528;CB49-260;0
H32-8560;Co213;POJ2878
H44-3114;H32-8560;0
H56-2954;H44-3114;0
SP79-2233;H56-2954;0
SP78-4764;H56-2954;0
H44-3113;H32-8560;0
H49-134;H44-3113;0
H39-3633;H32-8560;0
H44-3098;H32-8560;0
CB40-35;POJ2878;Co290
IAC68-104;CB40-35;0
IAC68-130;CB40-35;0
CB40-69;POJ2878;Co290
IAC68-144;CB40-69;0
RB705146;CB40-69;0
CRP1-50;CB40-69;0
RB739728;CB40-69;0
Co421;POJ2878;Co285
RB705440;Co421;0
RB992506;Co421;0
Co361;POJ2725;B3412
Co464;Co361;Co285
P4775;Co464;Co440
P3247;Co421;Co440
Co740;P3247;P4775
RB835205;Co740;0
RB002754;RB835205;0
Co449;POJ2878;Co331
-26C270;YelCaled;H109
H31-1389;POJ2878;-26C270
SP79-72;Co740;0
NCo376;Co421;Co312
RB732577;NCo376;0
N18;NCo376;0
NCo334;Co421;Co312
RB72199;NCo334;0
NCo292;Co421;Co312
RB795401;NCo292;0
CP38-34;CP27-156;Co421
RB765480;CP38-34;0
CP36-105;Co281;CP11-65
CP56-63;CL47-83;CP36-105
CP48-126;CP36-105;CP38-34
CP53-18;F36-819;CP48-126
CP62-258;CP53-18;CP33-224
CP62-374;CP53-18;CP33-224
CP69-1062;CP62-374;CP56-63
RB855490;CP69-1062;0
CP53-17;F36-819;CP48-126
SP70-3370;CP53-17;0
CP52-68;CP29-320;CP38-34
TUC71-7;CP52-68;CP62-258
RB855206;RB72454;TUC71-7
RB925211;RB855206;0
RB855453;TUC71-7;0
RB855398;TUC71-7;0
RB865101;TUC71-7;0
RB988503;TUC71-7;0
TUC69-2;CP52-68;CP53-18
RB92560;TUC69-2;0
CP65-357;CP52-68;CP53-17
RB855481;CP65-357;0
RB855501;CP65-357;0
CP72-1210;CP65-357;CP56-63
RB91541;CP72-1210;0
CP52-48;CP36-105;CP38-34
SP72-4928;CP52-48;0
CP48-124;CP36-105;CP38-34
RB813804;CP48-124;0
RB802888;CP48-124;0
NCo310;Co421;Co312
F150;NCo310;PT43-52
RB825548;F150;0
SP74-8340;F150;0
SP82-6108;SP74-8340;0
RB73429;NCo310;0
CB53-18;NCo310;0
RB805035;NCo310;0
RB805013;NCo310;0
F147;H32-8560;PT43-52
RB763710;F147;0
RB8060;F147;0
CB40-11;POJ2878;Co290
IAC53-347;CB40-11;0
IAC70-166;IAC53-347;0
Azulcgande;Co281;POJ2878
CB56-20;Azulcgande;0
CB40-13;POJ2878;Co290
RB781328;CB40-13;0
RB781329;CB40-13;0
RB835474;CB40-13;0
IAC58-480;POJ2878;CP44-101
RB805028;IAC58-480;0
RB865512;IAC58-480;0
CB50-22;Co290;POJ2878
RB74637;CB50-22;0
RB92545;RB74637;0
RB931542;RB74637;0
Co775;POJ2878;Co371
RB725053;Co775;0
SP71-6113;Co775;0
CB68-69;Co775;0
IAC83-2396;Co775;0
IANE48-23;POJ2878;Co285
RB751215;IANE48-23;0
CB36-14;Co213;POJ2878
RB7075;CB36-14;0
RB7096;CB36-14;0
RB70102;CB36-14;0
CB61-27;POJ2878;Co331
RB781308;CB61-27;0
Q72;Co281;POJ2878
RB72108;Q72;0
RB785593;Q72;0
MEX54-81;POJ2878;Co270
RB765288;MEX54-81;0
Co419;POJ2878;Co290
IAC47-31;Co419;0
RB785148;IAC47-31;0
IAC91-1099;RB785148;0
IAC91-2195;RB785148;0
IAC52-326;Co419;0
IAC83-2405;IAC52-326;0
SP71-345;Co419;0
IAC68-12;Co419;IAC52-179
IAC84-3031;IAC68-12;0
IANE55-34;Co419;M336
RB739359;IANE55-34;0
RB991536;RB739359;0
IANE55-33;Co419;M336
RB73234;IANE55-33;0
NA56-79;Co419;SELF
RB805001;NA56-79;0
RB805246;NA56-79;0
SP71-1406;NA56-79;0
SP80-4966;SP71-1406;0
RB855511;SP71-1406;0
RB925268;RB855511;0
RB865028;SP71-1406;0
RB865187;SP71-1406;0
RB865509;SP71-1406;0
RB865516;SP71-1406;0
RB865531;SP71-1406;0
RB932520;SP71-1406;0
SP71-6163;NA56-79;0
SP71-799;NA56-79;0
SP71-6180;NA56-79;0
SP71-6949;NA56-79;0
RB806043;NA56-79;0
RB725828;NA56-79;0
SP71-3146;NA56-79;0
SP71-1632;NA56-79;0
SP75-3046;NA56-79;0
PO84-96;NA56-79;0
RB725730;NA56-79;0
RB805004;NA56-79;0
RB805008;NA56-79;0
RB805016;NA56-79;0
RB805100;NA56-79;0
RB805200;NA56-79;0
RB805203;NA56-79;0
RB805248;NA56-79;0
RB805276;NA56-79;0
RB805296;NA56-79;0
RB805297;NA56-79;0
RB805333;NA56-79;0
RB805340;NA56-79;0
RB805350;NA56-79;0
RB805373;NA56-79;0
RB805442;NA56-79;0
RB815181;NA56-79;0
RB835870;NA56-79;0
RB855533;NA56-79;0
SP71-3149;NA56-79;0
POJ2961;POJ2878;POJ2940
CB56-171;POJ2961;0
CB62-85;POJ2961;0
Co980;POJ2878;Co449
RB802896;Co980;0
IAC48-65;CP27-108;0
SP70-1078;IAC48-65;0
SP70-1005;IAC48-65;0
SP71-1081;IAC48-65;0
SP70-1145;IAC48-65;0
SP70-1143;IAC48-65;0
CP43-64;CP36-138;CP27-108
CP44-154;US1694;Co281
CP55-30;CP43-64;CP44-154
SP71-1088;CP55-30;CP53-76
CP52-70;CP43-64;CP43-74
RB731052;CP52-70;0
CP50-28;CP43-64;CP33-372
RB7025;CP50-28;0
CP52-15;CP43-64;CP36-105
NA56-30;CP43-64;CP43-74
TUC67-11;NA56-30;CP52-15
RB785750;TUC67-11;0
CoS943;CP53-10;CP52-70
SP70-3518;CoS943;0
SP79-6192;SP70-3518;0
SP86-42;SP70-1143;0
RB8495;SP70-1143;0
RB855406;SP70-1143;0
RB928064;SP70-1143;0
IAC49-131;CP27-108;0
IAC67-112;Co419;IAC49-131
IAC83-2285;IAC67-112;0
RB735275;IAC49-131;0
RB835623;RB735275;0
RB835632;RB735275;0
RB845005;RB735275;0
RB855528;RB735275;0
IAC51-271;CP27-108;0
H35-198;H31-1389;Co290
Q77;H35-198;H39-3633
RB91536;Q77;0
Q107;Q77;54N7096
RB931530;Q107;0
H48-3717;H35-198;0
H53-3989;H48-3717;0
RB825336;H53-3989;0
RB825237;H53-3989;0
SP80-3212;H39-3633;SP71-1088
IAC91-5155;SP80-3212;0
Co413;Co290;Nobre247B
CB45-155;Co413;0
RB754665;CB45-155;0
CP48-103;CP29-320;Co290
IAC70-148;CP48-103;0
CP29-103;POJ2725;CP11-65
CP33-229;CP27-139;CP31-432
CP521;CP29-103;CP33-229
L66-97;CP521;CP48-103
H41-3674;H31-1389;H32-6705
H48-4605;H41-3674;0
H61-1820;H48-4605;0
H57-5028;H49-134;H48-4605
SP80-1816;SP71-1088;H57-5028
RB002504;SP80-1816;0
SP80-3280;SP71-1088;H57-5028
IACSP94-5041;SP80-3280;0
IACSP94-6010;SP80-3280;0
L60-14;CP521;CP48-103
RB835486;L60-14;0
RB805580;L60-14;0
RB835485;L60-14;0
RB835487;L60-14;0
RB835505;L60-14;0
BR7904;L60-14;0
BR7928;L60-14;0
RB855035;SP70-1284;L60-14
IAC91-2218;RB855035;0
L65-69;CP521;CP48-103
RB825217;L65-69;0
TUC72-3;L66-97;L65-69
RB92543;TUC72-3;0
RB855589;SP70-1143;TUC71-7
RB036091;RB855589;0
RB855595;SP70-1143;TUC71-7
RB036088;RB855595;0
RB83160;NA56-79;SP70-1143
RB91504;RB83160;0
SP79-1011;NA56-79;Co775
IACSP93-3046;SP79-1011;0
IACSP93-3050;SP79-1011;0
H32-6171;H98-11;PmRobustum
H37-7202;H32-8560;H32-6171
H48-2094;H37-7202;0
H61-4644;H48-2094;0
SP79-6134;H61-4644;0
M134-32;POJ2878;D109
M109-26;S.Officin3;S.Officin4
UbaMarot;S.Officin5;S.Spont3
M99-34;M109-26;UbaMarot
M213-40;M134-32;M99-34
M253-48;B34104;M213-40
RB765418;M253-48;0
IACSP93-2060;RB765418;0
RB736017;M253-48;0
RB736018;M253-48;0
CP28-116;CP726;POJ2878
CP29-130;POJ2725;CP11-65
CP33-30;CP28-116;CP29-130
CP34-79;CP33-30;CP11-65
CP56-59;CL47-83;CP34-79
SP71-6106;CP56-59;0
SP79-2312;SP71-6106;0
SP79-2313;SP71-6106;0
CP52-1;CP29-103;CP33-229
RB865152;IAC49-131;H53-3989
RB858927;NA56-76;RB739735
IACSP94-2180;SP84-2029;SP77-5181
IACSP94-5003;SP77-5181;SP84-2384
CP44-153;Co281;CP11-65
SP83-2847;HJ5741;SP70-1143
CP-1165;CP670;CP670
CP27-10;POJ2364;CP726
CB40-77;POJ2878;Co290
IAC55-26;Co290;POJ2878
IAC55-29;Co290;POJ2878
CB40-19;POJ2878;Co290
CB61-55;Co290;POJ2878
Co1296;POJ2878;Co290
Q68;POJ2878;Co290
NA56-40;Co290;CP43-74
NA56-62;Co290;CP43-74
Bo14;Co331;POJ2878
CB44-43;POJ2878;Co331
CB44-74;POJ2878;Co331
CB44-95;POJ2878;Co331
CB61-25;POJ2878;Co331
CB68-34;POJ2878;Co331
F134;Co290;POJ2878
CB45-15;POJ2878;Co331
C87-51;Co281;POJ2878
CG12-745;Co281;POJ2878
Q71;Co270;POJ2878
PR1048;POJ2878;B34104
R472;POJ2878;R331
Cok30;Co312;Co285
N50-211;POJ2725;Co285
NA63-83;CP43-74;CP43-74
IAC64-257;Co419;IAC49-131
IAC57-259;Eros;Co285
IAC64-328;CB40-69;IAC49-131
IAC67-12;Co290;IAC51-204
IAC67-48;CB45-3;IAC51-205
SP72-1861;Co419;Co775
IAC70-22;Co419;IAC49-131
RB825008;CB40-13;Co331
MEX55-250;Co419;POJ2878
RB816088;CB40-13;IAC49-131
CB68-7;POJ2878;Co775
CB68-14;POJ2878;Co775
CB61-20;CB46-40;Co331
CB61-4;CB46-40;Co331
CB61-22;CB46-40;Co331
CB45-27;M28;Co331
CL41-191;Co331;CP29-103
CB60-9;Co331;Co421
Co622;Co421;Co331
Co6202;Co421;Co331
N51-539;Co421;Co331
Co1158;Co421;Co419
IAC52-147;Co419;Co285
RB865555;Co421;CB40-13
IAC52-148;Co419;Co285
POJ3016;POJ2878;POJ2940
RB841280;Bo17;Co775
RB842012;Bo17;Co775
B55362;B3439;B3337
NCo339;Co421;Co312
CP49-34;CP29-320;D74
CR63113;Eros;CP44-101
F152;H32-8560;PT43-52
IAC57-222;Eros;Co285
SP79-1230;NA56-79;Co775
SP81-1763;Co775;NA56-79
IAC82-3092;CB41-76;IAC68-12
IAC83-4157;IAC68-12;SP70-1143
RB8543;NA56-79;RB705146
RB83158;NA56-79;SP70-1143
RB83215;SP70-1143;NA56-79
RB83738;SP70-1143;NA56-79
RB841;SP70-1143;NA56-79
RB8473;NA56-79;SP70-1143
RB842117;SP70-1143;NA56-79
RB845065;SP70-1143;NA56-79
RB81145;NA56-79;Co331
RB815521;NA56-79;CB45-3
RB815530;NA56-79;CB45-3
RB835219;CB45-3;NA56-79
RB842025;CB45-3;NA56-79
RB842032;CB45-3;NA56-79
RB853077;NA56-79;CB45-3
RB815627;IAC49-131;NA56-79
RB865556;RB735275;NA56-79
SP79-1182;NA56-79;Co775
SP81-1078;NA56-79;SP70-1284
SP82-3721;NA56-79;SP70-1284
RB816;F31-962;NA56-79
RB83712;CB45-3;SP70-1284
RB83716;CB45-3;SP70-1284
RB83729;CB45-3;SP70-1284
RB845459;SP70-1284;CB45-3
RB862622;CB45-3;Co997
N15;CB38-22;CB40-35
CB68-50;Co775;CB62-107
N12;NCo376;Co331
N16;NCo376;Co331
RB8491;SP70-1284;CB45-13
N19;NCo376;CB40-35
N17;NCo376;CB38-22
Q110;NCo310;CP44-101
TUC75-3;CP48-103;NCo310
TUC76-5;CP48-103;NCo310
F146;NCo310;PT43-52
RB81293;CB61-27;CP48-103
MEX58-1868;NCo292;CP36-105
CP65-350;CP521;CP48-103
Q81;Trojan;M336
Q83;Trojan;M336
IAC83-4107;SP70-1143;IAC68-12
IACSP95-6100;SP80-180;CP71-1240
RB845257;RB72454;SP70-1143
RB855113;RB72454;SP70-1143
RB835019;RB72454;NA56-79
RB83252;NA56-79;RB72454
RB83594;RB72454;B3337
RB842021;B3337;RB72454
SP83-5073;SP71-1406;SP71-1088
RB835054;RB72454;NA56-79
RB855546;SP70-1143;RB72454
RB83244;NA56-79;RB72454
RB835001;RB72454;NA56-79
RB835042;RB72454;NA56-79
RB835867;RB72454;NA56-79
RB836006;RB72454;NA56-79
RB845534;NA56-79;RB72454
RB865536;NA56-79;RB72454
RB845197;RB72454;SP70-1143
RB845207;RB72454;SP70-1143
RB845210;RB72454;SP70-1143
RB845222;RB72454;SP70-1143
RB845231;RB72454;SP70-1143
RB845239;RB72454;SP70-1143
RB845276;RB72454;SP70-1143
RB845286;RB72454;SP70-1143
RB845298;RB72454;SP70-1143
RB845323;RB72454;SP70-1143
RB845514;RB72454;SP70-1143
RB855002;SP70-1143;RB72454
RB855036;RB72454;SP70-1143
RB855049;SP70-1143;RB72454
RB855106;SP70-1143;RB72454
RB855217;RB72454;SP70-1143
RB855311;RB72454;SP70-1143
RB855324;SP70-1143;RB72454
RB855342;RB72454;SP70-1143
RB855544;SP70-1143;RB72454
RB855556;SP70-1143;RB72454
RB855561;SP70-1143;RB72454
RB855565;SP70-1143;RB72454
RB855575;SP70-1143;RB72454
RB855581;SP70-1143;RB72454
RB855582;SP70-1143;RB72454
RB855584;SP70-1143;RB72454
RB865202;RB72454;SP70-1143
RB865203;RB72454;SP70-1143
RB865226;RB72454;SP70-1143
RB865229;RB72454;SP70-1143
RB865230;SP70-1143;RB72454
RB865244;SP70-1143;RB72454
RB865276;RB72454;SP70-1143
RB865539;RB72454;SP70-1143
RB865540;RB72454;SP70-1143
RB865541;RB72454;SP70-1143
RB865546;RB72454;SP70-1143
RB865549;RB72454;SP70-1143
RB865550;RB72454;SP70-1143
RB865554;SP70-1143;RB72454
RB92565;RB72454;SP70-1143
RB8710;Co331;RB72454
RB852952;CP51-22;RB72454
RB853154;RB72454;CP51-22
RB882001;CP51-22;RB72454
RB882007;CP51-22;RB72454
RB865537;IAC49-131;RB72454
RB865398;RB735275;RB72454
RB9349;RB75126;SP71-1406
RB865213;RB735220;SP71-6163
RB841004;B3337;RB72454
RB841039;B3337;RB72454
RB841153;B3337;RB72454
RB841261;B3337;RB72454
RB865523;RB805001;RB785148
RB865524;RB805001;RB785148
RB865526;RB805001;RB785148
RB865527;RB805001;RB785148
RB865533;RB805001;RB785148
RB865535;RB805001;RB785148
RB865190;RB805001;RB785148
RB825026;L60-14;NCo310
RB825055;L60-14;NCo310
RB825083;L60-14;NCo310
RB93515;RB72454;RB751215
RB93523;RB751215;RB72454
RB93524;RB751215;RB72454
NA73-1454;CP52-68;CP44-101
NA63-90;CP52-68;NCo310
RB93510;RB83160;RB75126
RB865505;RB725828;RB805035
L64-67;CP52-68;CP48-103
TUC72-2;L66-97;L65-69
RB92579;RB75126;RB72199
L62-96;CP52-68;CP44-154
F140;PT43-52;CP34-79
RB859;RB72454;H32-8560
RB862821;H39-3633;L60-14
RB951541;RB72454;SP79-1011
RB937570;RB72454;SP70-1143
RB931011;RB83160;RB72454
IACSP94-2101;SP77-5181;RB785148
IACSP94-3581;SP70-1143;RB72454
IACSP94-3591;SP70-1143;RB72454
IACSP95-3264;SP70-1143;RB72454
SP80-1836;SP71-1088;H57-5028
SP80-3480;Q73;H61-1820
CP71-1027;CP52-68;CP56-59
Q119;Q77;Co440
RB946903;RB765418;RB72454
CP73-341;CP65-357;L65-69
CP73-343;CP65-357;L65-69
CP74-383;CP65-357;L65-69
CP79-318;CP65-357;L65-69
TUC71-5;CP52-68;CP62-258
CP69-1052;CP62-374;CP56-59
CP71-318;CP52-68;CP62-258
CP72-1312;CP65-357;CP56-63
TUC72-10;CP52-68;CP62-258
IACSP94-4004;SP82-6108;SP77-5181
IACSP94-2111;SP70-1143;SP80-3280
IACSP94-4002;SP82-6108;SP77-5181
IACSP95-2288;SP80-3280;RB835486
IACSP96-6026;SP82-6108;SP80-185
RB855563;SP70-1143;TUC71-7
RB855099;TUC71-7;RB72454
RB855121;TUC71-7;RB72454
RB855127;TUC71-7;RB72454
RB855142;TUC71-7;RB72454
RB855196;RB72454;TUC71-7
RB855203;RB72454;TUC71-7
RB855205;RB72454;TUC71-7
RB855313;TUC71-7;RB72454
RB855322;TUC71-7;RB72454
RB855345;RB72454;TUC71-7
RB855025;SP70-1143;TUC71-7
RB855046;SP70-1143;TUC71-7
RB855063;TUC71-7;SP70-1143
RB855065;SP70-1143;TUC71-7
RB855070;SP70-1143;TUC71-7
RB855073;SP70-1143;TUC71-7
RB855077;SP70-1143;TUC71-7
RB855079;SP70-1143;TUC71-7
RB855081;SP70-1143;TUC71-7
RB855086;SP70-1143;TUC71-7
RB855176;SP70-1143;TUC71-7
RB855181;TUC71-7;SP70-1143
RB855186;SP70-1143;TUC71-7
RB855553;SP70-1143;TUC71-7
RB855574;SP70-1143;TUC71-7
RB855598;SP70-1143;TUC71-7
RB855611;SP70-1143;TUC71-7
RB855635;TUC71-7;SP70-1143
RB91540;RB72454;CP72-1210
IACSP93-1020;SP79-2312;SP79-1011
RB956911;RB855206;RB855035
RB036066;SP70-1143;SP77-5181
RB034045;SP71-5181;SP80-1816
RB872552;RB754665;RB773720
CP55-38;CP43-64;CP33-224
CP61-37;CP48-103;CP55-38
CP72-370;CP61-37;CP52-68
CP67-430;CP61-37;CP62-258
CP73-351;CP65-357;L65-69
LCP81-30;CP61-37;CP73-351
CP61-39;CP48-103;CP55-38
ROC3;F148;H49-4360
RB83100;NA56-79;SP70-1143
RB943365;ROC3;RB83100
RB93529;RB83100;RB72454
M2;KalBoothan;CoSpontan2
Co221;POJ213;M2
MQ271124;Korpi;Korpi
Akbar;Co270;MQ271124
SP71-8210;Akbar;CB49-260
CP57-526;CP52-144;US54-249
CP70-1547;CP62-374;CP57-526
SP81-3250;CP70-1547;SP71-1279
RB98710;SP81-3250;RB93509
SP91-1049;SP80-3328;SP81-3250
IACSP94-6033;SP80-4966;SP81-3250
SP83-1483;CP70-1547;Co775
POJ2379;BlackCheribon;Chunnee
B336J;POJ2379;BH10-12
B603;BA6032;S.Officin7
B37161;B336J;B603
B4362;B37161;POJ2878
RB8273;Q73;B4362
CB47-355;POJ2878;Co413
RB872010;CB47-355;IAC68-12
RB872013;CB47-355;IAC68-12
RB825317;L60-14;CB47-355
IAC52-150;Co419;Co285
IAC65-113;Co419;IAC49-131
IAC82-2045;IAC65-113;IAC52-150
Co951;Co683;Co419
CO62175;Co951;Co419
SP84-2066;H64-1881;SP71-345
IACSP95-5000;SP84-2066;SP80-185
IAC87-3396;Co740;SP70-1143
IACSP95-6087;SP84-2066;IAC87-3396
IAC87-3184;SP70-1143;IAC68-12
IACSP95-3104;SP82-3697;IAC87-3184
IACSP95-5048;SP82-3697;IAC87-3184
IACSP95-5050;SP82-3697;IAC87-3184
RB835089;RB72454;NA56-79
RB93533;RB835089;RB721012
RB931566;RB721012;RB835089
RB935744;RB835089;RB765418
RB931003;RB72454;RB835089
TUC68-19;CP50-28;NA56-79
RB868;RB72454;TUC68-19
TUC77-11;TUC68-19;CP62-258
TUC77-17;TUC68-19;CP62-258
CP73-340;CP65-357;L65-69
CP72-355;CP52-68;CP62-258
CP82-520;CP72-355;CP73-340
LCP82-94;CP72-355;CP72-355
Co475;P3247;Co419
Q75;Co475;POJ2878
Q97;Q73;Co475
Q79;Trojan;Co475
Q111;Q79;CP44-101
Q90;Trojan;Co475
Q92;Trojan;Co475
Co1007;Co683;P63-32
SP84-2025;Co1007;SP71-6180
Co356;POJ2725;POJ2725
IAC64-368;CB40-69;Co356
Co6301;Co281;Co356
Co313;Co213;Co244
Co462;Co421;Co313
CoS245;Co421;Co313
Cadmus;Co281;MQ33157
SP84-2189;Cadmus;SP71-6949
SP80-1842;SP71-1088;H57-5028
IACSP95-3018;SP84-2189;SP80-1842
RB855156;RB72454;TUC71-7
IACSP95-3028;SP84-2189;RB855156
SP80-1520;H48-3166;SP71-1088
IACSP95-5011;SP80-1520;SP80-1842
IACSP93-6035;SP79-2312;SP80-1842
RB815690;IAC49-131;NA56-79
RB966928;RB855156;RB815690
B35218;BA11569;Co290
B4098;B3439;Co290
B49119;B35218;B4098
CR72106;Eros;B49119
Q47;Co290;POJ2878
RB8533;NA56-79;Q47
Q58;POJ2878;Co290
Q86;NCo310;Q58
Co617;POJ2878;Co285
Co842;Co464;Co617
PR980;Co281;POJ2878
PR62-258;PR980;M336
PR1028;Co281;POJ2878
R79-12;PR1028;Co419
R78-712;PR1028;Q72
R469;POJ2878;R331
RB862615;Co290;R469
IAC50-134;Co419;Co285
RB81258;CB45-3;IAC50-134
SP80-1079;SP71-6113;IAC50-134
IACSP95-2213;SP80-1079;SP80-3390
IACSP95-5110;SP80-1079;SP80-3390
IAC81-1032;L66-97;IAC50-134
RB83102;NA56-79;SP70-1143
RB9364;RB72454;RB83102
RB9367;RB72454;RB83102
RB988082;RB83102;RB72454
RB987935;RB72454;RB83102
IAC87-3187;SP70-1143;IAC68-12
IACSP95-6114;IAC87-3187;CTC9019
RB855536;RB72454;SP70-1143
RB965917;RB855453;RB855536
RB965902;RB855536;RB855453
L60-25;CP52-68;CP48-103
TUC74-15;L60-25;CP62-258
Co603;P3247;Co419
Co798;Co603;Co449
IAC86-2210;CP52-48;Co798
Co6806;Co775;Co798
RB8619;RB72454;Co6806
RB91507;RB72454;Co6806
RB91515;Co6806;RB72454
RB91517;RB72454;Co6806
RB91518;Co6806;RB72454
RB91520;RB72454;Co6806
RB91522;Co6806;RB72454
RB91523;Co6806;RB72454
RB91524;Co6806;RB72454
RB93531;RB72454;Co6806
